segment,transactions,fraud,true_positives,false_positives,false_negatives,true_negatives,precision,recall
>100k,39984,971,920,0,51,39013,1.0,0.9474768280123584
10k-100k,30916,240,77,0,163,30676,1.0,0.32083333333333336
1k-10k,16475,28,3,0,25,16447,1.0,0.10714285714285714
100-1k,1896,6,0,0,6,1890,0.0,0.0
<=100,195,7,0,0,7,188,0.0,0.0
