day_index,transaction_count,review_count,observed_fraud_count,true_positive_count,false_positive_count,false_negative_count,mean_probability,loss_avoided,score_psi_vs_validation
26,8356,200,204,200,0,4,0.024282125234579732,259097303.756,0.005310326570380251
27,14661,200,248,200,0,48,0.016910769898049138,319958149.45500004,0.03540799230360468
28,54890,200,260,200,0,60,0.004743342886480304,422976291.304,0.006417286751714599
29,11287,200,268,200,0,68,0.023732852162234575,418692301.997,0.23908597202555282
30,272,200,272,200,0,72,0.9990706310112024,376703247.707,12.567444475844624
